Date,Direction,MktReturn,12m_cpi_forecast,12m_real_gdp_forecast_calculated,12m_unemployment_rate,wti_prev_yoy_chg,PE_ratio_shiller,corp_bond_yield_prev_month,MktReturn_prev_month,MktReturn_prev_yr
195201,Up,1.6,2.4546425,4.3829644,3.1,0,12.15,3.01,3.8898647,16.4625184
195202,Down,-2.5,2.4546425,4.3829644,3.1,0,12.53,2.98,1.5565797,11.4496722
195203,Up,4.55,2.4546425,4.3829644,3.1,0,12.36,2.93,-3.6453978,6.6972526
195204,Down,-4.85,2.4546425,4.3829644,3.1,0,12.36,2.96,4.7721453,13.8785093
195205,Up,3.33,2.4546425,4.3829644,3.1,0,12.24,2.93,-4.30858,3.9679001
195206,Up,3.98,-0.3709592,2.5493519,3,0,12.2,2.93,2.3156132,10.8736106
195207,Up,1.06,-0.3709592,2.5493519,3,0,12.45,2.94,4.6102177,19.0839704
195208,Down,-0.61,-0.3709592,2.5493519,3,0,12.67,2.95,1.7628246,13.3928571
195209,Down,-1.87,-0.3709592,2.5493519,3,0,12.68,2.94,-1.456689,7.5171818
195210,Down,-0.52,-0.3709592,2.5493519,3,0,12.43,2.95,-1.9576507,5.5030138
195211,Up,6.04,-0.3709592,2.5493519,3,0,12.13,3.01,-0.0815037,6.887528
195212,Up,3.09,-0.9952855,2.9172424,2.7,0,12.47,2.98,4.6492659,12.1503546
195301,Down,-0.18,-0.9952855,2.9172424,2.7,0,12.93,2.97,3.5463757,11.7795541
195302,Down,-0.13,-0.9952855,2.9172424,2.7,0,13.01,3.02,-0.715096,9.279205
195303,Down,-1.25,-0.9952855,2.9172424,2.7,0,12.86,3.07,-1.8195566,11.349957
195304,Down,-2.67,-0.9952855,2.9172424,2.7,0,12.83,3.12,-2.3552085,3.7751332
195305,Up,0.69,-0.9952855,2.9172424,2.7,0,12.16,3.23,-2.6492684,5.5746184
195306,Down,-1.71,-1.6307207,-1.4163707,2.5,0,12.14,3.34,-0.3249391,2.849958
195307,Up,2.55,-1.6307207,-1.4163707,2.5,9.7276265,11.62,3.4,-1.6299999,-3.2852565
195308,Down,-4.35,-1.6307207,-1.4163707,2.5,9.7276265,11.75,3.28,2.5269305,-2.5590551
195309,Up,0.36,-1.6307207,-1.4163707,2.5,9.7276265,11.72,3.24,-5.7777778,-6.8318056
195310,Up,4.73,-1.6307207,-1.4163707,2.5,9.7276265,11.14,3.29,0.1286449,-4.8492296
195311,Up,2.91,-1.6307207,-1.4163707,2.5,9.7276265,11.39,3.16,5.096364,0.0815701
195312,Up,0.16,-1.2131716,-2.5808664,4.5,9.7276265,11.64,3.11,0.8964914,-3.5074045
195401,Up,5.24,-1.2131716,-2.5808664,4.5,9.7276265,11.75,3.13,0.2019346,-6.6240158
195402,Up,1.74,-1.2131716,-2.5808664,4.5,9.7276265,12,3.06,5.1189079,-1.1372214
195403,Up,3.73,-1.2131716,-2.5808664,4.5,9.7276265,12.22,2.95,0.2684049,0.965251
195404,Up,4.36,-1.2131716,-2.5808664,4.5,9.7276265,12.42,2.86,3.0210363,6.5243177
195405,Up,3.14,-1.2131716,-2.5808664,4.5,9.7276265,12.91,2.85,4.8997734,14.7847232
195406,Up,1.13,-0.08726,0.7021287,5.6,9.7276265,13.31,2.88,3.290874,18.9486545
195407,Up,5.04,-0.08726,0.7021287,5.6,0,13.36,2.9,0.0685098,21.0024864
195408,Down,-2.29,-0.08726,0.7021287,5.6,0,13.83,2.89,5.7172203,24.7676727
195409,Up,6.48,-0.08726,0.7021287,5.6,0,14.04,2.87,-3.4002559,27.915952
195410,Down,-1.6,-0.08726,0.7021287,5.6,0,14.36,2.89,8.3137814,38.3725953
195411,Up,9.44,-0.08726,0.7021287,5.6,0,14.62,2.87,-1.9498638,29.0953493
195412,Up,5.56,0.1746725,3.060208,5,0,15.12,2.89,8.0808144,38.2875687
195501,Up,0.68,0.1746725,3.060208,5,0,15.79,2.9,5.0817696,45.0221743
195502,Up,3.11,0.1746725,3.060208,5,0,15.99,2.93,1.806562,40.4524578
195503,Down,-0.06,0.1746725,3.060208,5,0,16.44,2.93,0.3548922,40.5736061
195504,Up,3.21,0.1746725,3.060208,5,0,16.22,3.02,-0.4896518,35.7832244
195505,Up,1.07,0.1746725,3.060208,5,0,16.69,3.01,3.7725449,34.3241295
195506,Up,6.65,0.525394,2.1773087,4.2,0,16.52,3.04,-0.131715,29.8732398
195507,Up,2,0.525394,2.1773087,4.2,0,17.37,3.05,8.2300158,40.4655954
195508,Up,0.37,0.525394,2.1773087,4.2,0,18.45,3.06,6.0687328,40.9326471
195509,Down,-0.2,0.525394,2.1773087,4.2,0,18.22,3.11,-0.78125,44.7536038
195510,Down,-2.5,0.525394,2.1773087,4.2,0,18.84,3.13,1.13478,35.159383
195511,Up,7.2,0.525394,2.1773087,4.2,0,17.77,3.1,-3.0455646,33.6489899
195512,Up,1.67,0.6092254,2.0727669,4.2,0,18.84,3.1,7.4870052,32.914706
195601,Down,-2.81,0.6092254,2.0727669,4.2,0,18.94,3.15,-0.0659152,26.4035575
195602,Up,3.96,0.6092254,2.0727669,4.2,0,18.29,3.11,-3.649956,19.6287164
195603,Up,6.79,0.6092254,2.0727669,4.2,0,18.27,3.08,3.4687357,23.3405943
195604,Up,0.47,0.6092254,2.0727669,4.2,0,19.37,3.1,6.9254521,32.5314307
195605,Down,-4.97,0.6092254,2.0727669,4.2,0,19.37,3.24,-0.2062686,27.4499533
195606,Up,3.68,0.6092254,0.9963943,4.3,0,18.54,3.28,-6.5729639,19.2297573
195607,Up,5.06,0.6092254,0.9963943,4.3,0,18.16,3.26,3.9159291,14.477217
195608,Down,-3.01,0.6092254,0.9963943,4.3,0,18.86,3.28,5.1522205,13.4880492
195609,Down,-4.96,0.6092254,0.9963943,4.3,0,18.67,3.43,-3.8064407,10.027786
195610,Up,0.77,0.6092254,0.9963943,4.3,0,17.84,3.56,-4.5464115,3.8470348
195611,Up,0.56,0.6092254,0.9963943,4.3,0,17.42,3.59,0.5071753,7.6523429
195612,Up,3.4,1.104503,2.8104318,4.2,0,17.12,3.69,-1.0969723,-0.9448385
195701,Down,-3.31,1.104503,2.8104318,4.2,0,17.2,3.75,3.527054,2.6165303
195702,Down,-1.82,1.104503,2.8104318,4.2,0,16.72,3.77,-4.1782667,2.053859
195703,Up,2.36,1.104503,2.8104318,4.2,8.8652482,15.84,3.67,-3.2647651,-4.5875651
195704,Up,4.51,1.104503,2.8104318,4.2,8.8652482,15.9,3.66,1.9648706,-9.0140243
195705,Up,3.71,1.104503,2.8104318,4.2,8.8652482,16.12,3.67,3.6953094,-5.4567982
195706,Down,-0.5,1.424979,1.5953909,4.3,8.8652482,16.6,3.74,3.6947921,4.933626
195707,Up,0.96,1.424979,1.5953909,4.3,8.8652482,16.73,3.91,-0.1265043,0.8516031
195708,Down,-4.86,1.424979,1.5953909,4.3,8.8652482,16.87,3.99,1.1399641,-2.996556
195709,Down,-5.72,1.424979,1.5953909,4.3,8.8652482,15.87,4.1,-5.6146921,-4.8200318
195710,Down,-4.03,1.424979,1.5953909,4.3,8.8652482,15.16,4.12,-6.191957,-6.4608603
195711,Up,2.58,1.424979,1.5953909,4.3,8.8652482,14.15,4.1,-3.206028,-9.9166319
195712,Down,-3.67,0.7431874,0.0768581,5.2,8.8652482,13.74,4.08,1.6074038,-7.453418
195801,Up,4.94,0.7431874,0.0768581,5.2,6.3829787,13.67,3.81,-4.1466897,-14.3132554
195802,Down,-1.4,0.7431874,0.0768581,5.2,8.8652482,13.79,3.6,4.2760663,-6.7531304
195803,Up,3.36,0.7431874,0.0768581,5.2,0,13.78,3.59,-2.0623525,-5.5940779
195804,Up,3.17,0.7431874,0.0768581,5.2,0,13.93,3.63,3.0852057,-4.5567965
195805,Up,2.42,0.7431874,0.0768581,5.2,0,13.91,3.6,3.1829004,-5.0284279
195806,Up,2.96,0.4048583,2.6757104,7.3,0,14.32,3.57,1.4963191,-7.0419566
195807,Up,4.46,0.4048583,2.6757104,7.3,0,14.64,3.57,2.6083057,-4.4965105
195808,Up,1.95,0.4048583,2.6757104,7.3,0,14.96,3.67,4.310338,-1.5028199
195809,Up,4.85,0.4048583,2.6757104,7.3,0,15.54,3.85,1.1866942,5.5948672
195810,Up,2.71,0.4048583,2.6757104,7.3,0,15.93,4.09,4.8376984,18.0103804
195811,Up,3.12,0.4048583,2.6757104,7.3,0,16.56,4.11,2.5369576,25.0121791
195812,Up,5.37,1.0509297,7.0356307,6.2,-2.2801303,16.99,4.09,2.2404012,25.7909845
195901,Up,0.92,1.0509297,7.0356307,6.2,0,17.36,4.08,5.2019798,38.0595055
195902,Up,1.14,1.0509297,7.0356307,6.2,-2.2801303,17.98,4.12,0.4347075,32.9736203
195903,Up,0.5,1.0509297,7.0356307,6.2,-2.2801303,17.76,4.14,-0.0721389,35.675808
195904,Up,3.86,1.0509297,7.0356307,6.2,-3.257329,18.2,4.13,0.05414,31.6864647
195905,Up,1.95,1.0509297,7.0356307,6.2,-3.257329,18.43,4.23,3.8780683,32.5736679
195906,Down,0,0.8878128,6.1785684,5,-3.257329,18.69,4.37,1.8926897,33.0914039
195907,Up,3.42,0.8878128,6.1785684,5,-3.257329,18.45,4.46,-0.3578715,29.2440283
195908,Down,-1.2,0.8878128,6.1785684,5,-3.257329,19.09,4.47,3.4889635,28.2263176
195909,Down,-4.49,0.8878128,6.1785684,5,-3.257329,18.96,4.43,-1.5038837,24.8167497
195910,Up,1.58,0.8878128,6.1785684,5,-3.257329,18.12,4.52,-4.5637535,13.6236513
195911,Up,1.86,0.8878128,6.1785684,5,-3.257329,18.02,4.57,1.125174,12.0592203
195912,Up,2.79,1.1952191,6.410297,5.3,-1,18.07,4.56,1.3212778,11.0518274
196001,Down,-6.65,1.1952191,6.410297,5.3,-1,18.62,4.58,2.7625258,8.4767254
196002,Up,1.46,1.1952191,6.410297,5.3,-1,18.34,4.61,-7.1464319,0.2885482
196003,Down,-1.28,1.1952191,6.410297,5.3,-1,17.55,4.56,0.9170976,1.2813554
196004,Down,-1.52,1.1952191,6.410297,5.3,0,17.29,4.49,-1.3898771,-0.1803734
196005,Up,3.39,1.1952191,6.410297,5.3,0,17.43,4.45,-1.7528027,-5.5912502
196006,Up,2.32,0.6339144,3.3245022,5.4,0,17.26,4.46,2.68531,-4.8568473
196007,Down,-2.24,0.6339144,3.3245022,5.4,0,17.82,4.45,1.9523481,-2.6509372
196008,Up,3.18,0.6339144,3.3245022,5.4,0,17.38,4.41,-2.477161,-8.2630973
196009,Down,-5.83,0.6339144,3.3245022,5.4,0,17.58,4.28,2.6121439,-4.4295287
196010,Down,-0.49,0.6339144,3.3245022,5.4,0,17.05,4.25,-6.0393242,-5.9071747
196011,Up,4.82,0.6339144,3.3245022,5.4,0,16.61,4.3,-0.2429017,-7.180113
196012,Up,4.87,0.7069914,2.5700692,6.6,0,17.15,4.31,4.0269752,-4.701438
196101,Up,6.39,0.7069914,2.5700692,6.6,0,17.56,4.35,4.6272956,-2.9721123
196102,Up,3.71,0.7069914,2.5700692,6.6,0,18.47,4.32,6.3156048,11.095123
196103,Up,3.09,0.7069914,2.5700692,6.6,0,19.23,4.27,2.6869538,13.0434785
196104,Up,0.46,0.7069914,2.5700692,6.6,0,19.84,4.22,2.5535924,17.5641453
196105,Up,2.58,0.7069914,2.5700692,6.6,0,20.38,4.25,0.3842607,20.121389
196106,Down,-2.88,1.1764706,7.8671469,5.5,0,20.6,4.27,1.9139489,19.21905
196107,Up,3.01,1.1764706,7.8671469,5.5,0,20.33,4.33,-2.884614,13.5628975
196108,Up,2.71,1.1764706,7.8671469,5.5,0,20.15,4.41,3.2797077,20.2666266
196109,Down,-1.98,1.1764706,7.8671469,5.5,0,20.94,4.45,1.9622498,19.5049178
196110,Up,2.76,1.1764706,7.8671469,5.5,0,20.71,4.45,-1.9685574,24.6823673
196111,Up,4.6,1.1764706,7.8671469,5.5,0,20.92,4.42,2.8323092,28.5259492
196112,Up,0.01,1.2461059,7.1601322,5.3,0,21.86,4.39,3.9347084,28.411953
196201,Down,-3.63,1.2461059,7.1601322,5.3,0,22.04,4.42,0.3224944,23.1285523
196202,Up,2.01,1.2461059,7.1601322,5.3,0,21.2,4.42,-3.7875708,11.4276418
196203,Down,-0.48,1.2461059,7.1601322,5.3,0,21.45,4.42,1.6269655,10.2774277
196204,Down,-6.37,1.2461059,7.1601322,5.3,0,21.44,4.39,-0.5860435,6.9013298
196205,Down,-8.41,1.2461059,7.1601322,5.3,0,20.66,4.33,-6.1969875,-0.1071811
196206,Down,-8.27,1.2357414,3.6338555,5.5,0,19.09,4.28,-8.5990147,-10.4116545
196207,Up,6.55,1.2357414,3.6338555,5.5,0,16.83,4.28,-8.1838016,-15.3001225
196208,Up,2.36,1.2357414,3.6338555,5.5,0,17.14,4.34,6.3561644,-12.7771147
196209,Down,-5.01,1.2357414,3.6338555,5.5,0,17.57,4.35,1.5284201,-13.1482312
196210,Up,0.2,1.2357414,3.6338555,5.5,0,17.32,4.32,-4.820702,-15.6751124
196211,Up,11.07,1.2357414,3.6338555,5.5,0,16.74,4.28,0.4442865,-17.6333466
196212,Up,1.24,1.2264151,2.7714239,5.5,0,17.85,4.25,10.1556936,-12.7033118
196301,Up,5.18,1.2264151,2.7714239,5.5,0,18.59,4.24,1.3491809,-11.8099296
196302,Down,-2.15,1.2264151,2.7714239,5.5,0,19.26,4.21,4.9128353,-3.8349784
196303,Up,3.31,1.2264151,2.7714239,5.5,0,19.47,4.19,-2.8851905,-8.1046285
196304,Up,4.76,1.2264151,2.7714239,5.5,0,19.29,4.19,3.5464286,-4.2846914
196305,Up,2,1.2264151,2.7714239,5.5,0,20.15,4.21,4.85204,6.9895848
196306,Down,-1.77,1.2241055,4.2323478,5.6,0,20.51,4.22,1.4326647,18.7321848
196307,Down,-0.12,1.2241055,4.2323478,5.6,0,20.38,4.23,-2.0197739,26.7032018
196308,Up,5.32,1.2241055,4.2323478,5.6,0,19.97,4.26,-0.3459795,18.7188683
196309,Down,-1.3,1.2241055,4.2323478,5.6,0,20.47,4.29,4.874878,22.6319371
196310,Up,2.82,1.2241055,4.2323478,5.6,0,20.96,4.31,-1.1034524,27.421356
196311,Down,-0.58,1.2241055,4.2323478,5.6,0,20.89,4.32,3.2217644,30.9448018
196312,Up,2.12,1.2126866,4.7835764,5.5,0,20.72,4.33,-1.0539103,17.6196681
196401,Up,2.54,1.2126866,4.7835764,5.5,0,21.04,4.35,2.4443451,18.8906488
196402,Up,1.8,1.2126866,4.7835764,5.5,0,21.63,4.39,2.6926207,16.3746291
196403,Up,1.72,1.2126866,4.7835764,5.5,0,21.83,4.36,0.9865031,21.0141574
196404,Up,0.39,1.2126866,4.7835764,5.5,0,22.17,4.38,1.5167095,18.6420355
196405,Up,1.68,1.2126866,4.7835764,5.5,0,22.42,4.4,0.6077437,13.8395352
196406,Up,1.57,1.4842301,5.1769542,5.2,0,22.57,4.41,1.1452354,13.5169486
196407,Up,2.04,1.4842301,5.1769542,5.2,0,22.3,4.41,1.6424026,17.7598363
196408,Down,-1.16,1.4842301,5.1769542,5.2,-1.6835017,22.98,4.4,1.8239662,20.3240324
196409,Up,2.97,1.4842301,5.1769542,5.2,-1.6835017,22.65,4.41,-1.6229839,12.8689683
196410,Up,0.88,1.4842301,5.1769542,5.2,-1.6835017,22.89,4.42,2.8718049,17.4058627
196411,Up,0.29,1.4842301,5.1769542,5.2,-1.6835017,23.21,4.42,0.807794,14.6601793
196412,Up,0.34,1.3824885,4.2826929,5.4,-1.6835017,23.23,4.43,-0.5185046,15.2806152
196501,Up,3.82,1.3824885,4.2826929,5.4,-1.6835017,22.75,4.44,0.390905,12.9698792
196502,Up,0.74,1.3824885,4.2826929,5.4,-1.6835017,23.27,4.43,3.3156319,13.65524
196503,Down,-0.98,1.3824885,4.2826929,5.4,-1.6835017,23.37,4.41,-0.1484673,12.3778877
196504,Up,3.42,1.3824885,4.2826929,5.4,-1.6835017,23.25,4.42,-1.4525861,9.09091
196505,Down,-0.46,1.3824885,4.2826929,5.4,-1.6835017,23.42,4.43,3.4238589,12.1444779
196506,Down,-5.16,1.0978957,3.9421783,5.2,-1.6835017,23.71,4.44,-0.7743272,10.0161686
196507,Up,1.74,1.0978957,3.9421783,5.2,-1.6835017,22.39,4.46,-4.8631476,2.9746615
196508,Up,3.06,1.0978957,3.9421783,5.2,0,22.3,4.48,1.3433155,2.488579
196509,Up,3.17,1.0978957,3.9421783,5.2,0,22.67,4.49,2.2521971,6.525719
196510,Up,2.91,1.0978957,3.9421783,5.2,0,23.37,4.52,3.2006436,6.8662378
196511,Up,0.32,1.0978957,3.9421783,5.2,0,23.78,4.56,2.7345476,8.9087873
196512,Up,1.34,1.9021739,4.9612947,4.15,0,23.93,4.6,-0.8764304,8.5169429
196601,Up,1.1,1.9021739,4.9612947,4.15,0,23.69,4.68,0.8950977,9.0619469
196602,Down,-0.86,1.9021739,4.9612947,4.15,0,24.06,4.74,0.4868517,6.0758327
196603,Down,-2.13,1.9021739,4.9612947,4.15,0,23.7,4.78,-1.7872481,4.3348976
196604,Up,2.48,1.9021739,4.9612947,4.15,0,22.61,4.92,-2.1815369,3.563137
196605,Down,-5.25,1.9021739,4.9612947,4.15,0,23.11,4.96,2.0508741,2.1883032
196606,Down,-1.06,2.2222222,5.4959456,3.8,0,21.85,4.98,-5.414014,-2.589913
196607,Down,-1.28,2.2222222,5.4959456,3.8,0,21.56,5.07,-1.6138384,0.7370364
196608,Down,-7.5,2.2222222,5.4959456,3.8,0,21.38,5.16,-1.3452915,-1.9354862
196609,Down,-0.66,2.2222222,5.4959456,3.8,0,19.91,5.31,-7.7751198,-11.5521398
196610,Up,4.31,2.2222222,5.4959456,3.8,1.7123288,19.16,5.49,-0.7003891,-14.8955104
196611,Up,1.8,2.2222222,5.4959456,3.8,1.7123288,18.83,5.41,4.7544398,-13.2222476
196612,Up,0.53,2.6200873,4.6858487,4.2,1.7123288,19.71,5.35,0.3117207,-12.1820804
196701,Up,8.58,2.6200873,4.6858487,4.2,1.7123288,19.74,5.39,-0.1491548,-13.0909856
196702,Up,1.14,2.6200873,4.6858487,4.2,1.7123288,20.43,5.2,7.8177503,-6.7506419
196703,Up,4.38,2.6200873,4.6858487,4.2,2.739726,21.07,5.03,0.1962799,-4.8673558
196704,Up,4.21,2.6200873,4.6858487,4.2,2.739726,21.44,5.13,3.940998,1.0870716
196705,Down,-4,2.6200873,4.6858487,4.2,2.739726,21.69,5.11,4.2239525,3.2396267
196706,Up,2.68,2.7753686,4.858519,3.9,2.739726,21.95,5.24,-5.2441229,3.4250611
196707,Up,4.89,2.7753686,4.858519,3.9,2.739726,21.55,5.44,1.7512314,6.9624748
196708,Down,-0.58,2.7753686,4.858519,3.9,2.739726,21.8,5.58,4.534423,13.3373233
196709,Up,3.43,2.7753686,4.858519,3.9,5.1369863,22.03,5.62,-1.171505,21.4526607
196710,Down,-2.7,2.7753686,4.858519,3.9,3.3670034,22.22,5.65,3.2785135,26.3192287
196711,Up,0.73,2.7753686,4.858519,3.9,3.3670034,22.07,5.82,-3.5260015,16.3341727
196712,Up,3.38,3.2765957,5.5454467,4.2,3.3670034,21.26,6.07,0.7502647,16.8427638
196801,Down,-3.66,3.2765957,5.5454467,4.2,3.3670034,21.75,6.19,2.6276606,20.0921183
196802,Down,-3.36,3.2765957,5.5454467,4.2,3.3670034,21.51,6.17,-4.3847859,6.5004006
196803,Up,0.58,3.2765957,5.5454467,4.2,2.3333333,20.42,6.1,-3.1222865,2.9730376
196804,Up,9.48,3.2765957,5.5454467,4.2,2.3333333,19.93,6.11,0.9400134,0
196805,Up,2.73,3.2765957,5.5454467,4.2,2.3333333,21.28,6.21,8.048783,3.6698191
196806,Up,1.12,3.4195163,4.2374331,4.2,2.3333333,21.63,6.27,1.2517966,10.7768273
196807,Down,-2.24,3.4195163,4.2374331,4.2,2.3333333,22,6.28,0.9120409,9.8631985
196808,Up,1.76,3.4195163,4.2374331,4.2,2.3333333,21.75,6.24,-1.8477646,3.1556707
196809,Up,4.46,3.4195163,4.2374331,4.2,0,21.14,6.02,1.1459004,5.574543
196810,Up,0.86,3.4195163,4.2374331,4.2,0,21.68,5.97,3.8539318,6.1627537
196811,Up,5.85,3.4195163,4.2374331,4.2,0,22,6.09,0.7207617,10.8360136
196812,Down,-3.51,3.3360456,4.3562621,4,0,22.2,6.19,4.7964402,15.2872372
196901,Down,-0.72,3.3360456,4.3562621,4,0,22.28,6.45,-4.1616701,7.6604125
196902,Down,-5.38,3.3360456,4.3562621,4,0,21.19,6.59,-0.8184084,11.676067
196903,Up,3.1,3.3360456,4.3562621,4,0,20.9,6.66,-4.7374089,9.81423
196904,Up,1.99,3.3360456,4.3562621,4,5.8631922,20.2,6.85,3.4444157,12.5388086
196905,Up,0.38,3.3360456,4.3562621,4,9.1205212,20.43,6.89,2.1475716,6.3923692
196906,Down,-6.67,4.0348101,2.7957002,4.25,9.1205212,20.97,6.79,-0.2218179,4.843939
196907,Down,-6.47,4.0348101,2.7957002,4.25,9.1205212,19.71,6.98,-5.5577035,-1.8778901
196908,Up,5.18,4.0348101,2.7957002,4.25,9.1205212,18.68,7.08,-6.0178048,-6.0466504
196909,Down,-2.36,4.0348101,2.7957002,4.25,9.1205212,18.43,6.97,4.0074049,-3.3886293
196910,Up,5.66,4.0348101,2.7957002,4.25,9.1205212,18.4,7.14,-2.5023547,-9.3016414
196911,Down,-3.27,4.0348101,2.7957002,4.25,9.1205212,18.45,7.33,4.2955325,-6.0825846
196912,Down,-1.99,4.0061633,2.060871,4.55,9.1205212,18.44,7.35,-3.4081599,-13.4354569
197001,Down,-7.5,4.0061633,2.060871,4.55,9.1205212,17.33,7.72,-1.8654728,-11.3614509
197002,Up,5.75,4.0061633,2.060871,4.55,9.1205212,17.09,7.91,-7.6471879,-17.4643284
197003,Down,-0.49,4.0061633,2.060871,4.55,9.1205212,16.37,7.93,5.2693521,-8.7944535
197004,Down,-10.5,4.0061633,2.060871,4.55,3.0769231,16.53,7.84,0.145248,-11.7032852
197005,Down,-6.39,4.0061633,2.060871,4.55,0,15.87,7.83,-9.04831,-21.381044
197006,Down,-5.21,4.6268657,2.7095245,5.3,0,13.98,8.11,-6.0966563,-26.0100486
197007,Up,7.45,4.6268657,2.7095245,5.3,0,13.8,8.48,-5.0032683,-25.5756814
197008,Up,5.02,4.6268657,2.7095245,5.3,-1.1940299,13.73,8.44,7.3294856,-15.0059879
197009,Up,4.72,4.6268657,2.7095245,5.3,-1.1940299,14.1,8.13,4.4458602,-14.6476858
197010,Down,-1.82,4.6268657,2.7095245,5.3,-1.1940299,14.84,8.09,3.4102136,-9.4716492
197011,Up,5.05,4.6268657,2.7095245,5.3,-1.1940299,15.06,8.03,-1.2455551,-14.2813041
197012,Up,6.14,4.4395924,4.1347353,5.4,-1.1940299,14.95,8.05,4.7447411,-7.0461583
197101,Up,5.22,4.4395924,4.1347353,5.4,6.2686567,15.87,7.64,5.6766114,0.0977667
197102,Up,1.74,4.4395924,4.1347353,5.4,6.2686567,16.46,7.36,4.0477427,12.7734655
197103,Up,4.43,4.4395924,4.1347353,5.4,6.2686567,17.03,7.08,0.9073874,8.1005587
197104,Up,3.43,4.4395924,4.1347353,5.4,6.2686567,17.4,7.21,3.6795845,11.9156548
197105,Down,-3.69,4.4395924,4.1347353,5.4,6.2686567,17.92,7.25,3.6287499,27.5147213
197106,Up,0.27,4.8252912,5.9320322,5.6,6.2686567,17.56,7.53,-4.1558443,30.1502196
197107,Down,-4.1,4.8252912,5.9320322,5.6,6.2686567,17.08,7.64,-0.9334538,35.7260666
197108,Up,4.26,4.8252912,5.9320322,5.6,7.5528701,16.89,7.64,-3.1610893,22.4599594
197109,Down,-0.48,4.8252912,5.9320322,5.6,7.5528701,16.52,7.59,3.6095385,21.4793948
197110,Down,-4.05,4.8252912,5.9320322,5.6,7.5528701,16.86,7.44,-0.6967616,16.6547954
197111,Down,-0.09,4.8252912,5.9320322,5.6,7.5528701,16.43,7.39,-4.1793707,13.1891928
197112,Up,9.08,3.588907,8.0721035,5.3,7.5528701,15.64,7.26,-0.2547013,7.7866987
197201,Up,2.78,3.588907,8.0721035,5.3,0,16.6,7.25,8.6179361,10.786754
197202,Up,3.12,3.588907,8.0721035,5.3,0,17.26,7.19,1.8121325,8.4063467
197203,Up,0.9,3.588907,8.0721035,5.3,0,17.46,7.27,2.530304,10.1498708
197204,Up,0.58,3.588907,8.0721035,5.3,0,17.81,7.24,0.5911579,6.8687061
197205,Up,1.55,3.588907,8.0721035,5.3,0,17.92,7.3,0.4384338,3.5786446
197206,Down,-2.14,4.2638777,8.0910897,5.2,0,17.66,7.3,1.7275017,9.9367683
197207,Down,-0.49,4.2638777,8.0910897,5.2,0,17.64,7.23,-2.1820506,8.5511674
197208,Up,3.55,4.2638777,8.0910897,5.2,0,17.4,7.21,0.2333396,12.3561381
197209,Down,-0.8,4.2638777,8.0910897,5.2,0,17.94,7.19,3.4453832,12.1781249
197210,Up,0.92,4.2638777,8.0910897,5.2,0,17.61,7.22,-0.4860861,12.416115
197211,Up,4.97,4.2638777,8.0910897,5.2,0,17.53,7.21,0.9317042,18.4123936
197212,Up,0.99,4.107425,7.4046025,4.9,0,18.34,7.12,4.5617458,24.1302271
197301,Down,-2.85,4.107425,7.4046025,4.9,0,18.65,7.08,1.1828277,15.6332722
197302,Down,-4.44,4.107425,7.4046025,4.9,0,18.71,7.15,-1.7111427,11.6317075
197303,Down,-0.84,4.107425,7.4046025,4.9,0,17.89,7.22,-3.7490296,4.7949704
197304,Down,-5.16,4.107425,7.4046025,4.9,0,17.41,7.29,-0.1432692,4.0298509
197305,Down,-2.43,4.107425,7.4046025,4.9,0,16.94,7.26,-4.0799822,-0.6501319
197306,Down,-1.05,4.8201989,5.0432795,5,0,16.31,7.29,-1.8883836,-4.1815046
197307,Up,5.69,4.8201989,5.0432795,5,0,15.81,7.37,-0.6574512,-2.6880689
197308,Down,-3.12,4.8201989,5.0432795,5,0,15.89,7.45,3.7981958,0.7728858
197309,Up,5.43,4.8201989,5.0432795,5,21.0674157,15.28,7.68,-3.668454,-6.1571665
197310,Down,-0.18,4.8201989,5.0432795,5,21.0674157,15.48,7.63,4.0095923,-1.917687
197311,Down,-12.19,4.8201989,5.0432795,5,21.0674157,15.91,7.6,-0.1291146,-2.9485579
197312,Up,1.25,6.1493411,2.7812836,5.9,21.0674157,14.65,7.67,-11.3860946,-17.7509208
197401,Up,0.46,6.1493411,2.7812836,5.9,21.0674157,13.49,7.68,1.6569446,-17.3655226
197402,Up,0.11,6.1493411,2.7812836,5.9,183.988764,13.53,7.83,-1.0046161,-16.7715239
197403,Down,-2.25,6.1493411,2.7812836,5.9,183.988764,12.96,7.85,-0.3624304,-13.8431223
197404,Down,-4.54,6.1493411,2.7812836,5.9,183.988764,13.31,8.01,-2.3279962,-15.7281156
197405,Down,-3.93,6.1493411,2.7812836,5.9,183.988764,12.55,8.25,-3.9050914,-15.5744628
197406,Down,-2.23,8.2638889,4.145518,5.7,183.988764,12,8.37,-3.3551091,-16.8365874
197407,Down,-7.35,8.2638889,4.145518,5.7,183.988764,11.89,8.47,-1.4665433,-17.5139091
197408,Down,-8.75,8.2638889,4.145518,5.7,183.988764,10.39,8.72,-7.7790721,-26.7141034
197409,Down,-10.96,8.2638889,4.145518,5.7,134.5707657,9.82,9,-9.0278605,-30.791365
197410,Up,16.61,8.2638889,4.145518,5.7,134.5707657,8.68,9.24,-11.933473,-41.3999806
197411,Down,-3.97,8.2638889,4.145518,5.7,158.9327146,8.74,9.27,16.3046913,-31.7573171
197412,Down,-2.75,8.3550914,1.4725192,7.3,158.9327146,8.95,8.89,-5.3179985,-27.0841999
197501,Up,14.24,8.3550914,1.4725192,7.3,158.9327146,8.29,8.89,-2.0151536,-29.7180975
197502,Up,5.99,8.3550914,1.4725192,7.3,10.3857567,8.92,8.83,12.2812212,-20.2857999
197503,Up,3.07,8.3550914,1.4725192,7.3,10.3857567,9.76,8.62,5.9885591,-15.2047442
197504,Up,4.67,8.3550914,1.4725192,7.3,10.3857567,10.16,8.67,2.1693897,-11.3002784
197505,Up,5.63,8.3550914,1.4725192,7.3,10.3857567,10.23,8.95,4.7264899,-3.3329588
197506,Up,5.24,6.557377,6.1375633,8.35,10.3857567,10.82,8.9,4.4100789,4.434009
197507,Down,-6.11,6.557377,6.1375633,8.35,10.3857567,11.01,8.77,4.4322544,10.6860488
197508,Down,-2.37,6.557377,6.1375633,8.35,10.3857567,10.9,8.84,-6.7654185,11.9026633
197509,Down,-3.73,6.557377,6.1375633,8.35,10.3857567,10.09,8.95,-2.1070456,20.4157929
197510,Up,5.87,6.557377,6.1375633,8.35,10.3857567,9.92,8.95,-3.464542,31.995596
197511,Up,3.05,6.557377,6.1375633,8.35,0,10.33,8.86,6.1642993,20.4871429
197512,Down,-1.12,6.9258809,7.3332305,7.4,0,10.44,8.78,2.4707962,30.3987376
197601,Up,12.63,6.9258809,7.3332305,7.4,0,10.25,8.79,-1.1508067,31.5490149
197602,Up,0.66,6.9258809,7.3332305,7.4,0,11.19,8.6,11.8305785,31.0210406
197603,Up,2.72,6.9258809,7.3332305,7.4,7.7956989,11.59,8.55,-1.1401963,22.2086088
197604,Down,-1.07,6.9258809,7.3332305,7.4,8.4229391,11.63,8.52,3.0688978,23.2845439
197605,Down,-0.97,6.9258809,7.3332305,7.4,9.0501792,11.69,8.4,-1.0995408,16.4261117
197606,Up,4.48,6.7181926,7.6963331,6.65,9.0501792,11.53,8.58,-1.4364414,9.9067447
197607,Down,-0.6,6.7181926,7.6963331,6.65,9.0501792,11.54,8.62,4.0926323,9.5493191
197608,Down,-0.14,6.7181926,7.6963331,6.65,9.0501792,11.76,8.56,-0.8055207,16.5521149
197609,Up,2.51,6.7181926,7.6963331,6.65,9.0501792,11.6,8.45,-0.5123724,18.4507453
197610,Down,-2.01,6.7181926,7.6963331,6.65,24.5519713,11.81,8.38,2.2641084,25.4799025
197611,Up,0.76,6.7181926,7.6963331,6.65,24.5519713,11.35,8.32,-2.2234854,15.5660387
197612,Up,6.05,6.1742643,7.3237456,7,24.5519713,11.25,8.25,-0.7774577,11.9026745
197701,Down,-3.69,6.1742643,7.3237456,7,24.5519713,11.6,7.98,5.2497562,19.1484606
197702,Down,-1.59,6.1742643,7.3237456,7,24.5519713,11.44,7.96,-5.053043,1.1600218
197703,Down,-0.99,6.1742643,7.3237456,7,15.5444722,11.01,8.04,-2.1660286,0.1103209
197704,Up,0.53,6.1742643,7.3237456,7,14.8760331,10.9,8.1,-1.4025265,-4.2327519
197705,Down,-1.08,6.1742643,7.3237456,7,14.2152835,10.64,8.04,0.0203251,-3.1483639
197706,Up,5.11,7.0434298,7.5381636,6.5,14.2152835,10.55,8.05,-2.3567645,-4.0527021
197707,Down,-1.27,7.0434298,7.5381636,6.5,14.2152835,10.53,7.95,4.5359965,-3.6440315
197708,Down,-1.31,7.0434298,7.5381636,6.5,14.2152835,10.57,7.94,-1.6222183,-4.4373588
197709,Up,0.16,7.0434298,7.5381636,6.5,22.021364,10.27,7.98,-2.1041993,-5.966385
197710,Down,-3.89,7.0434298,7.5381636,6.5,6.8345324,10.07,7.92,-0.2480087,-8.27632
197711,Up,4.5,7.0434298,7.5381636,6.5,6.8345324,9.77,8.04,-4.3406226,-10.2623963
197712,Up,0.76,7.3170732,5.7436611,6.6,6.8345324,9.77,8.08,2.6965628,-7.1204663
197801,Down,-5.52,7.3170732,5.7436611,6.6,6.8345324,9.68,8.19,0.2847158,-11.5019553
197802,Down,-0.92,7.3170732,5.7436611,6.6,6.8345324,9.24,8.41,-6.1514176,-12.5257269
197803,Up,3.38,7.3170732,5.7436611,6.6,6.8345324,9.05,8.47,-2.4761894,-12.8030445
197804,Up,8.42,7.3170732,5.7436611,6.6,6.8345324,8.95,8.47,2.4931043,-9.3578533
197805,Up,2.27,7.3170732,5.7436611,6.6,6.8345324,9.26,8.56,8.5416468,-1.635514
197806,Down,-1.15,7.8328982,6.5445474,6,6.8345324,9.63,8.69,0.4234184,1.1652049
197807,Up,5.67,7.8328982,6.5445474,6,6.8345324,9.55,8.76,-1.7585346,-4.9263573
197808,Up,4.31,7.8328982,6.5445474,6,6.8345324,9.43,8.88,5.3909778,1.8512919
197809,Down,-0.81,7.8328982,6.5445474,6,0,10.02,8.69,2.5923729,6.7376296
197810,Down,-11.23,7.8328982,6.5445474,6,0,9.94,8.69,-0.7261109,6.2260459
197811,Up,3.41,7.8328982,6.5445474,6,0,9.53,8.89,-9.1574009,0.8771995
197812,Up,1.66,8.5116974,2.957435,6.7,0,8.93,9.03,1.6639774,-0.1370927
197901,Up,5,8.5116974,2.957435,6.7,0,9.01,9.16,1.4889166,1.0620431
197902,Down,-2.83,8.5116974,2.957435,6.7,0,9.26,9.25,3.9746113,11.9663866
197903,Up,6.49,8.5116974,2.957435,6.7,6.7340067,9,9.26,-3.6525578,10.6158064
197904,Up,0.74,8.5116974,2.957435,6.7,6.7340067,9.07,9.37,5.515161,13.8773648
197905,Down,-1.39,8.5116974,2.957435,6.7,6.7340067,9.13,9.38,0.1673452,5.0913972
197906,Up,4.66,10.1654846,0.7052324,7,21.8855219,8.79,9.5,-2.6336477,1.8922296
197907,Up,1.59,10.1654846,0.7052324,7,28.6195286,8.85,9.29,3.8655651,7.7253272
197908,Up,6.3,10.1654846,0.7052324,7,46.4646465,8.83,9.2,0.8745447,3.1088578
197909,Up,0.01,10.1654846,0.7052324,7,78.4511785,9.13,9.23,5.3077758,5.837931
197910,Down,-7.23,10.1654846,0.7052324,7,91.9191919,9.11,9.44,0,6.6120528
197911,Up,6.2,10.1654846,0.7052324,7,95.2861953,8.68,10.13,-6.8605928,9.3075661
197912,Up,2.74,11.2244898,-1.4307184,7.8,108.7542088,8.52,10.76,4.2624278,12.1013805
198001,Up,6.31,11.2244898,-1.4307184,7.8,118.8552189,8.75,10.74,1.6767124,12.3088137
198002,Down,-0.33,11.2244898,-1.4307184,7.8,118.8552189,8.85,11.09,5.7624624,14.239972
198003,Down,-11.69,11.2244898,-1.4307184,7.8,133.4384858,9.05,12.38,-0.4379818,18.0515218
198004,Up,5.23,11.2244898,-1.4307184,7.8,139.7476341,8.08,12.96,-10.1794893,0.4921744
198005,Up,6.07,11.2244898,-1.4307184,7.8,149.2113565,7.84,12.04,4.1140221,4.4516499
198006,Up,3.67,11.3608247,-1.5082752,8.5,118.2320442,8.1,10.99,4.6570674,12.2729065
198007,Up,7.02,11.3608247,-1.5082752,8.5,106.8062827,8.51,10.58,2.6968717,11.0096138
198008,Up,2.44,11.3608247,-1.5082752,8.5,81.6091954,8.88,11.07,6.5038517,17.2045086
198009,Up,2.94,11.3608247,-1.5082752,8.5,43.3962264,9.07,11.64,0.5835448,11.9465761
198010,Up,2.01,11.3608247,-1.5082752,8.5,26.3157895,9.2,12.02,2.5167528,14.7639947
198011,Up,10.55,11.3608247,-1.5082752,8.5,24.137931,9.36,12.31,1.6021059,25.1915154
198012,Down,-3.21,12.0126034,3.2010057,7.8,16.1290323,9.65,12.97,10.2377053,32.3662384
198101,Down,-4,12.0126034,3.2010057,7.8,13.8461538,9.39,13.21,-3.3874245,25.773571
198102,Up,1.64,12.0126034,3.2010057,7.8,16.9230769,9.26,12.81,-4.5742429,13.4810778
198103,Up,4.77,12.0126034,3.2010057,7.8,2.7027027,8.83,13.35,1.3276735,15.4935768
198104,Down,-1.03,12.0126034,3.2010057,7.8,0,9.08,13.33,3.6032573,33.2157952
198105,Up,1.26,12.0126034,3.2010057,7.8,-3.7974684,9.09,13.88,-2.3455897,24.9506038
198106,Down,-1.01,9.82009,4.3785224,7.2,-3.7974684,8.82,14.32,-0.1656517,19.192735
198107,Down,-0.3,9.82009,4.3785224,7.2,-8.8607595,8.77,13.75,-1.0407942,14.8547
198108,Down,-5.76,9.82009,4.3785224,7.2,-8.8607595,8.45,14.38,-0.2210266,7.6025316
198109,Down,-5.93,9.82009,4.3785224,7.2,-5.2631579,8.4,14.89,-6.209897,0.3350253
198110,Up,6.13,9.82009,4.3785224,7.2,0,7.58,15.49,-5.3831753,-7.3967791
198111,Up,4.43,9.82009,4.3785224,7.2,-2.7777778,7.65,15.4,4.9147865,-4.3775021
198112,Down,-2.78,8.6102179,2.3280219,8,0,7.81,14.22,3.659036,-10.0839778
198201,Down,-2.44,8.6102179,2.3280219,8,-5.4054054,7.83,14.23,-3.0075149,-9.7304011
198202,Down,-4.94,8.6102179,2.3280219,8,-10.9210526,7.39,15.18,-1.7543867,-7.0629107
198203,Down,-0.89,8.6102179,2.3280219,8,-16.9473684,7.18,15.27,-6.054818,-13.8340843
198204,Up,4.4,8.6102179,2.3280219,8,-25.0526316,6.95,14.58,-1.0167112,-17.6764713
198205,Down,-2.93,8.6102179,2.3280219,8,-11.9736842,7.26,14.46,4.0014318,-12.3258762
198206,Down,-2.13,6.5775589,4.5038741,8.8,-5.4473684,7.19,14.26,-3.9161842,-15.6195789
198207,Down,-2.14,6.5775589,4.5038741,8.8,-2.5833333,6.69,14.81,-2.0289561,-16.4621636
198208,Up,11.9,6.5775589,4.5038741,8.8,-5.1111111,6.64,14.61,-2.2990648,-18.2019572
198209,Up,1.8,6.5775589,4.5038741,8.8,-5.6944444,6.64,13.71,11.5977276,-2.6712265
198210,Up,11.89,6.5775589,4.5038741,8.8,-1.0277778,7.4,12.94,0.7614392,3.6495077
198211,Up,5.3,6.5775589,4.5038741,8.8,1.9428571,8,12.12,11.0446796,9.7054739
198212,Up,1.22,5.7973478,5.1839226,9.6,-5.1388889,8.35,11.68,3.597067,9.6398901
198301,Up,4.29,5.7973478,5.1839226,9.6,-9.3714286,8.47,11.83,1.5231358,14.7613183
198302,Up,3.21,5.7973478,5.1839226,9.6,-7.8581979,8.76,11.79,3.3134272,20.6810636
198303,Up,3.45,5.7973478,5.1839226,9.6,-8.269962,8.91,12.01,1.8995148,30.8991218
198304,Up,7.38,5.7973478,5.1839226,9.6,1.1938202,9.23,11.73,3.3094753,36.620229
198305,Up,1.21,5.7973478,5.1839226,9.6,-8.490284,9.53,11.51,7.498683,41.2143509
198306,Up,3.74,5.5837563,7.0341124,9.1,-16.5043139,9.87,11.46,-1.2406459,45.1465886
198307,Down,-3.33,5.5837563,7.0341124,9.1,-11.6053607,10,11.74,3.2329577,52.9422475
198308,Up,0.26,5.5837563,7.0341124,9.1,-7.3185012,10.01,12.15,-3.0303036,51.7975573
198309,Up,1.67,5.5837563,7.0341124,9.1,-6.0088365,9.73,12.51,1.1318873,37.561703
198310,Down,-2.68,5.5837563,7.0341124,9.1,-12.6859388,9.98,12.37,1.015823,37.9089933
198311,Up,2.86,5.5837563,7.0341124,9.1,-14.7701794,10,12.25,-1.5174348,22.3078087
198312,Down,-1.05,6.1467284,6.3432279,7.7,-12.6207906,9.85,12.41,1.7425808,20.1183824
198401,Down,-1.16,6.1467284,6.3432279,7.7,-7.8184111,9.82,12.57,-0.8834141,17.2710425
198402,Down,-4.11,6.1467284,6.3432279,7.7,-4.8092337,9.89,12.2,-0.9215965,12.4638683
198403,Up,1.36,6.1467284,6.3432279,7.7,4.1278066,9.32,12.08,-3.8859347,6.0786169
198404,Up,0.3,6.1467284,6.3432279,7.7,6.7349063,9.33,12.57,1.3497995,4.0664133
198405,Down,-5.19,6.1467284,6.3432279,7.7,0.0261352,9.31,12.81,0.5465574,-2.6637415
198406,Up,2.57,6.5414508,4.4253439,7.3,1.7333333,9.23,13.28,-5.935645,-7.2910869
198407,Down,-1.92,6.5414508,4.4253439,7.3,-3.3322581,9.01,13.55,1.7469213,-8.62563
198408,Up,11.11,6.5414508,4.4253439,7.3,-9.1850916,8.87,13.44,-1.6451163,-7.3203704
198409,Up,0.06,6.5414508,4.4253439,7.3,-8.3359448,9.62,12.87,10.6332063,1.3868608
198410,Up,0.16,6.5414508,4.4253439,7.3,-5.7827065,9.69,12.66,-0.3479644,0.0180641
198411,Down,-1.03,6.5414508,4.4253439,7.3,-5.4094048,9.6,12.63,-6.03E-03,1.5530376
198412,Up,2.48,5.1855376,4.4161078,7.2,-5.8378016,9.69,12.29,-1.5112253,-1.6947068
198501,Up,8.64,5.1855376,4.4161078,7.2,-13.0335157,9.6,12.13,2.2374391,1.4006015
198502,Up,1.8,5.1855376,4.4161078,7.2,-13.6375884,10,12.08,7.4085145,9.9259535
198503,Down,-0.22,5.1855376,4.4161078,7.2,-9.5339194,10.49,12.13,0.8628781,15.3571853
198504,Down,-0.24,5.1855376,4.4161078,7.2,-8.201944,10.37,12.56,-0.2870013,13.4941651
198505,Up,5.75,5.1855376,4.4161078,7.2,-5.9213535,10.4,12.23,-0.4594276,12.3586371
198506,Up,1.82,5.1546392,3.8810162,7.3,-9.4921363,10.61,11.72,5.4051053,25.9050144
198507,Down,-0.12,5.1546392,3.8810162,7.3,-9.4236994,10.81,10.94,1.2134017,25.2448197
198508,Down,-0.47,5.1546392,3.8810162,7.3,-4.9492209,11,10.97,-0.4847579,26.7224167
198509,Down,-3.94,5.1546392,3.8810162,7.3,-5.1111111,10.74,11.05,-1.1994516,13.1689542
198510,Up,4.67,5.1546392,3.8810162,7.3,-3.4867456,10.47,11.07,-3.4724078,9.6207077
198511,Up,7.09,5.1546392,3.8810162,7.3,2.6872936,10.55,11.02,4.2508814,14.2874415
198512,Up,4.53,4.4546851,4.0771977,7,9.6626094,11.16,10.55,6.5061588,23.5909008
198601,Up,1.21,4.4546851,4.0771977,7,7.0745999,11.69,10.16,4.5061093,26.3334087
198602,Up,7.66,4.4546851,4.0771977,7,-10.5144105,11.72,10.05,0.2366528,17.8978974
198603,Up,5.48,4.4546851,4.0771977,7,-43.3757471,12.39,9.67,7.1489277,25.2456158
198604,Down,-0.79,4.4546851,4.0771977,7,-55.3155323,13.19,9,5.2793919,32.2373457
198605,Up,5.11,4.4546851,4.0771977,7,-55.4001041,13.55,8.79,-1.4148138,30.9681373
198606,Up,1.55,4.2114971,3.7641417,6.7,-44.0900699,13.56,9.09,5.0229288,30.4932746
198607,Down,-5.93,4.2114971,3.7641417,6.7,-50.3776296,13.89,9.13,1.4109521,30.747974
198608,Up,6.53,4.2114971,3.7641417,6.7,-57.6457243,13.62,8.88,-5.8682831,23.6748363
198609,Down,-8.15,4.2114971,3.7641417,6.7,-45.6242119,13.89,8.72,7.1192607,34.0878897
198610,Up,5.12,4.2114971,3.7641417,6.7,-47.2833964,13.47,8.89,-8.5438606,27.0430604
198611,Up,1.56,4.2114971,3.7641417,6.7,-49.719006,13.43,8.86,5.472933,28.5322869
198612,Down,-2.78,4.2511346,3.0323531,6.9,-50.647454,13.87,8.68,2.1477191,23.2724952
198701,Up,12.89,4.2511346,3.0323531,6.9,-40.9578375,14.09,8.49,-2.8288271,14.6204085
198702,Up,4.82,4.2511346,3.0323531,6.9,-18.6925256,14.92,8.36,13.1766896,29.4173143
198703,Up,2.11,4.2511346,3.0323531,6.9,14.7908302,15.82,8.38,3.6923619,25.2423826
198704,Down,-1.67,4.2511346,3.0323531,6.9,45.0705342,16.43,8.36,2.6389865,22.1013057
198705,Up,0.49,4.2511346,3.0323531,6.9,45.1155912,16.2,8.85,-1.1450212,22.4354535
198706,Up,4.42,5.1228901,3.535467,6.2,25.7122507,16.16,9.33,0.6034197,17.2832015
198707,Up,4.31,5.1228901,3.535467,6.2,48.7415547,16.83,9.32,4.7914491,21.1927942
198708,Up,3.99,5.1228901,3.535467,6.2,84.4924406,17.31,9.42,4.8223697,34.9568062
198709,Down,-2.14,5.1228901,3.535467,6.2,34.3360721,18.33,9.67,3.495884,30.3918069
198710,Down,-22.64,5.1228901,3.535467,6.2,30.9327432,17.68,10.18,-2.4166165,39.1276056
198711,Down,-7.42,5.1228901,3.535467,6.2,33.6385672,15.53,10.52,-21.7630416,3.2010809
198712,Up,7.2,4.8363742,2.474764,6,24.4163872,13.59,10.01,-8.5348865,-7.5916852
198801,Up,4.5,4.8363742,2.474764,6,7.2468276,13.39,10.11,7.286148,2.027503
198802,Up,5.21,4.8363742,2.474764,6,-8.0188679,13.9,9.88,4.0432269,-6.2062102
198803,Down,-1.83,4.8363742,2.474764,6,-5.4214149,14.3,9.4,4.1817403,-5.7635483
198804,Up,1.02,4.8363742,2.474764,6,-11.4067195,14.67,9.39,-3.334326,-11.2478559
198805,Up,0.22,4.8363742,2.474764,6,-4.1195087,14.43,9.67,0.9424744,-9.3736993
198806,Up,5.28,5.29462,2.9121613,5.6,-10.1828483,14.03,9.9,0.3176126,-9.6311622
198807,Down,-0.74,5.29462,2.9121613,5.6,-17.4902665,14.77,9.86,4.3256011,-10.0328947
198808,Down,-2.72,5.29462,2.9121613,5.6,-27.4268321,14.61,9.96,-0.5411375,-14.636294
198809,Up,3.92,5.29462,2.9121613,5.6,-23.4290224,14.24,10.11,-3.8600104,-20.7034571
198810,Up,1.76,5.29462,2.9121613,5.6,-25.9090444,14.37,9.82,3.9729334,-15.5112901
198811,Down,-1.72,5.29462,2.9121613,5.6,-30.4816606,14.81,9.51,2.5964462,10.7947134
198812,Up,2.12,5.5324459,2.8762561,5.7,-26.1257928,14.45,9.45,-1.8890881,18.8449885
198901,Up,6.65,5.5324459,2.8762561,5.7,-5.6551244,14.7,9.57,1.4687573,12.4008413
198902,Down,-1.64,5.5324459,2.8762561,5.7,4.7960373,15.09,9.62,7.1114792,15.7155611
198903,Up,2.24,5.5324459,2.8762561,5.7,6.3286609,15.47,9.64,-2.8944149,7.8560143
198904,Up,5,5.5324459,2.8762561,5.7,19.9050379,15.3,9.8,2.0805962,13.8977859
198905,Up,4.14,5.5324459,2.8762561,5.7,17.7062937,15.69,9.79,5.0089939,18.4862168
198906,Down,-0.64,5.605199,2.3477882,5.8,14.8755591,16.19,9.57,3.5137493,22.2612085
198907,Up,7.9,5.605199,2.3477882,5.8,21.0223835,16.64,9.1,-0.7924554,16.2632581
198908,Up,2.18,5.605199,2.3477882,5.8,26.7518389,17.01,8.93,8.8370259,27.2259396
198909,Down,-0.11,5.605199,2.3477882,5.8,19.312033,17.73,8.96,1.5516716,34.3874376
198910,Down,-2.99,5.605199,2.3477882,5.8,35.4392756,17.71,9.01,-0.6544367,28.4064539
198911,Up,1.72,5.605199,2.3477882,5.8,45.6080591,17.64,8.92,-2.5175452,22.0059446
198912,Up,1.77,4.6974522,2.8249483,5.6,41.8043929,17.24,8.89,1.6541325,26.4121209
199001,Down,-7.28,4.6974522,2.8249483,5.6,29.6446576,17.65,8.86,2.1416816,27.2504655
199002,Up,1.68,4.6974522,2.8249483,5.6,25.902241,17.05,8.99,-6.8817225,10.6262769
199003,Up,2.47,4.6974522,2.8249483,5.6,24.0210928,16.51,9.22,0.8539043,14.8965008
199004,Down,-2.67,4.6974522,2.8249483,5.6,5.003857,16.83,9.37,2.4254984,15.2847044
199005,Up,9.1,4.6974522,2.8249483,5.6,-11.6825095,16.81,9.46,-2.6887139,6.8337334
199006,Down,-0.46,4.8487199,3.1344888,5.6,-8.9606629,17.39,9.47,9.198919,12.7012428
199007,Down,-1.22,4.8487199,3.1344888,5.6,-15.6660835,17.82,9.26,-0.8886366,12.5919796
199008,Down,-9.49,4.8487199,3.1344888,5.6,-5.1211566,17.75,9.24,-0.5223158,2.909734
199009,Down,-5.52,4.8487199,3.1344888,5.6,46.7120181,16.17,9.41,-9.4314184,-8.2202342
199010,Down,-1.24,4.8487199,3.1344888,5.6,71.9250791,15.3,9.56,-5.1184307,-12.3442666
199011,Up,6.92,4.8487199,3.1344888,5.6,78.796476,14.82,9.53,-0.6698213,-10.6828025
199012,Up,3.06,4.4194757,1.3235595,6.5,62.9667003,15.19,9.3,5.9934214,-6.8701378
199101,Up,5.21,4.4194757,1.3235595,6.5,29.6329666,15.85,9.05,2.4827757,-6.5591379
199102,Up,7.67,4.4194757,1.3235595,6.5,10.2380637,15.61,9.04,4.1517752,4.5125825
199103,Up,3.09,4.4194757,1.3235595,6.5,-7.1693505,17.35,8.83,6.7281175,10.5998947
199104,Up,0.25,4.4194757,1.3235595,6.5,-2.7328828,17.82,8.93,2.2202833,10.3783017
199105,Up,4.12,4.4194757,1.3235595,6.5,12.0600581,18.16,8.86,0.0319799,13.4643318
199106,Down,-4.52,4.4378698,2.9933113,6.5,16.4665241,18.04,8.86,3.8604975,7.9173865
199107,Up,4.73,4.4378698,2.9933113,6.5,19.702448,18.02,9.01,-4.7892629,3.6701903
199108,Up,2.78,4.4378698,2.9933113,6.5,14.9264943,18.1,9,4.4859343,8.8895141
199109,Down,-1.13,4.4378698,2.9933113,6.5,-20.1884154,18.51,8.75,1.9648784,22.5911444
199110,Up,1.71,4.4378698,2.9933113,6.5,-35.1174043,18.36,8.61,-1.9143738,26.7309264
199111,Down,-3.8,4.4378698,2.9933113,6.5,-35.3376761,18.35,8.55,1.1834237,29.0953987
199112,Up,11.22,3.9665211,2.8720202,6.5,-30.4489164,18.29,8.48,-4.3903709,16.4483892
199201,Down,-0.25,3.9665211,2.8720202,6.5,-28.6059187,18.44,8.31,11.1587855,26.306703
199202,Up,1.37,3.9665211,2.8720202,6.5,-24.596338,19.77,8.2,-1.992375,18.8555832
199203,Down,-2.32,3.9665211,2.8720202,6.5,-7.4453053,19.58,8.29,0.9589542,12.4308726
199204,Up,1.39,3.9665211,2.8720202,6.5,-4.7532729,19.28,8.35,-2.1831863,7.5875489
199205,Up,0.58,3.9665211,2.8720202,6.5,-2.7853815,19.3,8.33,2.7892715,10.5531029
199206,Down,-2.02,4.0860215,3.8881942,6.7,-1.4124294,19.66,8.28,0.0963957,6.5464484
199207,Up,4.08,4.0860215,3.8881942,6.7,10.7947512,19.32,8.22,-1.7358832,9.963361
199208,Down,-2.12,4.0860215,3.8881942,6.7,1.5826331,19.62,8.07,3.9373684,9.3860378
199209,Up,1.45,4.0860215,3.8881942,6.7,-1.5584655,19.72,7.95,-2.399753,4.7037418
199210,Up,1.25,4.0860215,3.8881942,6.7,0.2058837,19.71,7.92,0.9105594,7.7192812
199211,Up,4.36,4.0860215,3.8881942,6.7,-6.6299294,19.37,7.99,0.2106283,6.6836489
199212,Up,1.81,3.6671368,3.5789977,6.7,-9.450256,19.83,8.1,3.0261807,14.9592252
199301,Up,1.16,3.6671368,3.5789977,6.7,-0.5636112,20.45,7.98,1.0107766,4.4642632
199302,Up,0.34,3.6671368,3.5789977,6.7,1.3549416,20.32,7.91,0.7045989,7.3389109
199303,Up,2.55,3.6671368,3.5789977,6.7,5.5698868,20.55,7.71,1.0483627,7.4339695
199304,Down,-2.81,3.6671368,3.5789977,6.7,7.5650243,20.86,7.58,1.8697298,11.8853602
199305,Up,3.11,3.6671368,3.5789977,6.7,0.1333794,20.46,7.46,-2.541681,6.082658
199306,Up,0.56,3.8888889,3.62575,6.5,-4.7755492,20.52,7.43,2.2717463,8.3881053
199307,Down,-0.1,3.8888889,3.62575,6.5,-14.7709497,20.61,7.33,0.075523,10.3861377
199308,Up,3.96,3.8888889,3.62575,6.5,-17.8914472,20.56,7.17,-0.5327046,5.6387201
199309,Up,0.14,3.8888889,3.62575,6.5,-15.6487119,20.81,6.85,3.4431957,11.962901
199310,Up,1.63,3.8888889,3.62575,6.5,-20.0347,20.99,6.66,-0.998793,9.8444246
199311,Down,-1.64,3.8888889,3.62575,6.5,-16.3362228,21.11,6.67,1.9392923,11.7392746
199312,Up,1.88,3.3630748,3.9383983,6.2,-17.9087602,21.04,6.93,-1.2910626,7.0569149
199401,Up,3.12,3.3630748,3.9383983,6.2,-25.2331633,21.16,6.93,1.0091173,7.0551563
199402,Down,-2.34,3.3630748,3.9383983,6.2,-21.3630406,21.41,6.92,3.2500745,9.7611528
199403,Down,-4.51,3.3630748,3.9383983,6.2,-26.2953174,21.26,7.08,-3.0044996,5.3588366
199404,Up,0.95,3.3630748,3.9383983,6.2,-27.9500663,20.83,7.48,-4.5746511,-1.3062687
199405,Up,0.89,3.3630748,3.9383983,6.2,-19.1909225,20.06,7.88,1.1530644,2.4353125
199406,Down,-2.72,3.7991859,3.3846874,6,-10.330993,20.2,7.99,1.2397143,1.40163
199407,Up,3.1,3.7991859,3.3846874,6,0,20.29,7.97,-2.6790824,-1.3894768
199408,Up,4.38,3.7991859,3.3846874,6,9.9854472,20.07,8.11,3.1489908,2.2605059
199409,Down,-1.94,3.7991859,3.3846874,6,2.0600811,20.54,8.07,3.7598699,2.5735594
199410,Up,1.72,3.7991859,3.3846874,6,-0.3083248,20.58,8.34,-2.6877535,0.8236546
199411,Down,-3.67,3.7991859,3.3846874,6,-2.3973546,20.4,8.57,2.0833816,0.966167
199412,Up,1.3,4.0133779,3.305945,5.6,8.3897239,20.21,8.68,-3.9504613,-1.7540455
199501,Up,2.22,4.0133779,3.305945,5.6,18.2632667,19.91,8.46,1.2299118,-1.539291
199502,Up,4.03,4.0133779,3.305945,5.6,19.9333333,20.22,8.46,2.4277711,-2.323451
199503,Up,2.65,4.0133779,3.305945,5.6,25.3721245,20.8,8.26,3.607415,4.3348888
199504,Up,2.55,4.0133779,3.305945,5.6,26.5347885,21.15,8.12,2.7329193,12.3247422
199505,Up,3.44,4.0133779,3.305945,5.6,21.3064713,21.64,8.03,2.7960359,14.1491689
199506,Up,3.19,3.8841343,2.6718811,5.8,10.4026846,22.2,7.65,3.6311712,16.8455693
199507,Up,4.17,3.8841343,2.6718811,5.8,-3.408495,22.72,7.3,2.1278544,22.6168802
199508,Up,1.02,3.8841343,2.6718811,5.8,-11.9592875,23.38,7.41,3.177604,22.6508938
199509,Up,3.78,3.8841343,2.6718811,5.8,-1.9042437,23.28,7.57,-0.0320238,18.1686296
199510,Down,-1.05,3.8841343,2.6718811,5.8,4.4100802,23.95,7.32,4.0097472,26.3015678
199511,Up,4.38,3.8841343,2.6718811,5.8,-1.5245624,23.93,7.12,-0.4979335,23.1078634
199512,Up,1.52,3.3181522,2.6946128,5.7,-0.6077348,24.35,7.02,4.1049003,33.4325183
199601,Up,2.69,3.3181522,2.6946128,5.7,10.955711,25.03,6.82,1.7443874,34.1106556
199602,Up,1.72,3.3181522,2.6946128,5.7,4.9471929,24.76,6.81,3.2617387,35.2025854
199603,Up,1.12,3.3181522,2.6946128,5.7,2.9141932,25.98,6.99,0.6933702,31.3999001
199604,Up,2.52,3.3181522,2.6946128,5.7,15.148248,25.63,7.35,0.7916567,28.9169403
199605,Up,2.78,3.3181522,2.6946128,5.7,18.6210367,25.42,7.5,1.3431422,27.0948602
199606,Down,-0.74,3.3269354,2.8656171,5.65,7.6494428,25.81,7.62,2.2853406,25.4443129
199607,Down,-5.52,3.3269354,2.8656171,5.65,11.0206298,25.97,7.71,0.225671,23.1078486
199608,Up,3.18,3.3269354,2.8656171,5.65,23.2369942,24.86,7.65,-4.5748017,13.8579536
199609,Up,5.45,3.3269354,2.8656171,5.65,21.797005,25.41,7.46,1.8813935,16.0372293
199610,Up,1.28,3.3269354,2.8656171,5.65,31.5962699,25.68,7.66,5.4203328,17.6109322
199611,Up,6.66,3.3269354,2.8656171,5.65,42.7752294,26.48,7.39,2.6101003,21.2846122
199612,Down,-1.24,3.4112445,2.4277786,5.4,31.7954419,27.59,7.1,7.3376152,25.0507997
199701,Up,5.43,3.4112445,2.4277786,5.4,33.3508403,27.72,7.2,-2.1505415,20.2636661
199702,Down,-0.1,3.4112445,2.4277786,5.4,33.315678,28.33,7.42,6.1317039,23.6061678
199703,Down,-4.59,3.4112445,2.4277786,5.4,16.4656529,29.27,7.31,0.592759,23.4826625
199704,Up,4.47,3.4112445,2.4277786,5.4,-1.7322097,28.8,7.55,-4.261401,17.2920209
199705,Up,7.23,3.4112445,2.4277786,5.4,-16.3343233,27.59,7.73,5.8405579,22.4972175
199706,Up,4.47,3.3395755,2.5903659,5.2,-1.9764706,29.93,7.58,5.8576884,26.7754716
199707,Up,7.76,3.3395755,2.5903659,5.2,-6.2591687,31.26,7.41,4.3452616,31.9863425
199708,Down,-3.74,3.3395755,2.5903659,5.2,-7.9268293,32.77,7.14,7.814581,49.1225846
199709,Up,5.79,3.3395755,2.5903659,5.2,-9.2440801,32.59,7.22,-5.7465632,37.9576351
199710,Down,-3.38,3.3395755,2.5903659,5.2,-17.5072947,32.67,7.15,5.315359,37.8202618
199711,Up,3.37,3.3395755,2.5903659,5.2,-14.6184739,32.9,7,-3.4477697,29.6836629
199712,Up,1.8,2.8774752,2.8199804,4.9,-14.9304091,32.34,6.87,4.4586855,26.2053841
199801,Up,0.58,2.8774752,2.8199804,4.9,-27.8456085,33.03,6.76,1.5731598,31.0081818
199802,Up,7.43,2.8774752,2.8199804,4.9,-33.6114422,32.86,6.61,1.0150177,24.6921826
199803,Up,5.15,2.8774752,2.8199804,4.9,-27.6902296,34.71,6.67,7.0449193,32.6901136
199804,Up,1.16,2.8774752,2.8199804,4.9,-28.4421153,36.3,6.72,4.9945714,45.5185449
199805,Down,-2.67,2.8774752,2.8199804,4.9,-21.703854,37.28,6.69,0.9076469,38.7363619
199806,Up,3.59,2.8,2.4361322,4.8,-28.6605857,36.96,6.69,-1.8826224,28.5919636
199807,Down,-2.06,2.8,2.4361322,4.8,-28.7428273,36.8,6.53,3.9438241,28.0972441
199808,Down,-15.65,2.8,2.4361322,4.8,-28.2730515,38.26,6.55,-1.1615327,17.4324953
199809,Up,6.61,2.8,2.4361322,4.8,-32.9653788,35.42,6.52,-14.5796719,6.4271248
199810,Up,7.45,2.8,2.4361322,4.8,-24.4567964,33.53,6.4,6.2395516,7.3610737
199811,Up,6.41,2.8,2.4361322,4.8,-32.3142051,33.77,6.37,8.0294228,20.1231167
199812,Up,6.54,2.5609756,2.199758,4.9,-36.2915221,37.37,6.41,5.9125996,21.7950571
199901,Up,3.85,2.5609756,2.199758,4.9,-38.4279476,38.82,6.22,5.6375287,26.6685891
199902,Down,-3.73,2.5609756,2.199758,4.9,-25.3740275,40.58,6.24,4.1009442,30.5382112
199903,Up,3.88,2.5609756,2.199758,4.9,-25.2179328,40.4,6.4,-3.2282563,18.0103681
199904,Up,4.7,2.5609756,2.199758,4.9,-2.3968043,41.36,6.62,3.8794215,16.7569771
199905,Down,-2.12,2.5609756,2.199758,4.9,12.3056995,42.7,6.64,3.7944028,20.097149
199906,Up,5.17,2.8880866,2.9064291,4.4,19.448183,42.56,6.93,-2.4970481,19.3450826
199907,Down,-3.09,2.8880866,2.9064291,4.4,30.966325,42.18,7.23,5.4438331,21.0673466
199908,Down,-0.99,2.8880866,2.9064291,4.4,42.5426136,43.83,7.19,-3.2046092,18.5647799
199909,Down,-2.42,2.8880866,2.9064291,4.4,59.1317365,41.93,7.4,-0.6254092,37.9335193
199910,Up,6.52,2.8880866,2.9064291,4.4,59.7324415,41.32,7.39,-2.8551792,26.1255984
199911,Up,3.73,2.8880866,2.9064291,4.4,57.3314802,40.55,7.55,6.2539542,24.0527182
199912,Up,8.16,2.7348395,10.0448409,4.2,94.3190661,43.21,7.36,1.9061859,19.3601083
200001,Down,-4.33,2.7348395,10.0448409,4.2,131.2056738,44.2,7.55,5.7843895,19.5260467
200002,Up,2.88,2.7348395,10.0448409,4.2,117.9631115,43.77,7.78,-5.0903549,8.9728318
200003,Up,5.67,2.7348395,10.0448409,4.2,144.3796836,42.19,7.68,-2.0108083,10.3437769
200004,Down,-5.94,2.7348395,10.0448409,4.2,103.888131,43.22,7.68,9.6719828,16.4968059
200005,Down,-3.92,2.7348395,10.0448409,4.2,48.4429066,43.53,7.64,-3.0795756,8.7815871
200006,Up,5.04,2.9205607,3.8615297,4.2,62.1408451,41.97,7.99,-2.1915051,9.1224738
200007,Down,-2.03,2.9205607,3.8615297,4.2,77.920626,42.78,7.67,2.393355,5.965573
200008,Up,7.53,2.9205607,3.8615297,4.2,48.3308421,42.76,7.65,-1.6341276,7.6848386
200009,Down,-4.94,2.9205607,3.8615297,4.2,46.8485419,42.87,7.55,6.0699105,14.9400576
200010,Down,-2.2,2.9205607,3.8615297,4.2,41.8760469,41.9,7.62,-5.3482975,11.9902436
200011,Down,-10.21,2.9205607,3.8615297,4.2,46.1130742,39.37,7.55,-0.4949486,4.8769906
200012,Up,1.69,2.8735632,3.7664058,4.35,37.7653184,38.78,7.45,-8.006861,-5.3250449
200101,Up,3.67,2.8735632,3.7664058,4.35,9.1257669,37.27,7.21,0.4053446,-10.1391847
200102,Down,-9.67,2.8735632,3.7664058,4.35,8.8300221,36.98,7.15,3.4636577,-2.0402128
200103,Down,-6.84,2.8735632,3.7664058,4.35,0.8858603,35.83,7.1,-9.2290736,-9.256312
200104,Up,8.33,2.8735632,3.7664058,4.35,-8.8658414,32.33,6.98,-6.4204711,-22.5713682
200105,Up,1.04,2.8735632,3.7664058,4.35,6.4879565,32.17,7.2,7.6814362,-13.9745176
200106,Down,-1.66,2.8547202,3.4858277,4.85,-0.4864489,34.07,7.29,0.5090187,-11.5993265
200107,Down,-1.83,2.8547202,3.4858277,4.85,-13.2893497,33.07,7.18,-2.5035389,-15.8270298
200108,Down,-6.15,2.8547202,3.4858277,4.85,-11.1521666,32.16,7.13,-1.074015,-15.347734
200109,Down,-8.97,2.8547202,3.4858277,4.85,-12.0115311,31.4,7.02,-6.4108407,-25.308371
200110,Up,2.68,2.8547202,3.4858277,4.85,-23.6127509,27.67,7.17,-8.1723406,-27.5368822
200111,Up,7.71,2.8547202,3.4858277,4.85,-32.859734,28.58,7.03,1.8099111,-25.8584013
200112,Up,1.76,2.447946,1.6588292,5.8,-42.8197674,30.01,6.97,7.5175904,-13.3465156
200201,Down,-1.3,2.447946,1.6588292,5.8,-32.0801124,30.5,6.77,0.7573834,-13.0426932
200202,Down,-2.16,2.447946,1.6588292,5.8,-33.5023665,30.28,6.55,-1.5573833,-17.2626889
200203,Up,4.37,2.447946,1.6588292,5.8,-29.9560959,29.09,6.51,-2.0766211,-10.7432591
200204,Down,-5.05,2.447946,1.6588292,5.8,-10.3524229,30.29,6.81,3.6738894,-1.1151949
200205,Down,-1.24,2.447946,1.6588292,5.8,-4.159066,29.01,6.76,-6.1417626,-13.8091593
200206,Down,-7.08,2.5583982,4.1876449,5.4,-5.6564246,28.13,6.75,-0.9081481,-15.0244413
200207,Down,-8.03,2.5583982,4.1876449,5.4,-7.5362319,26.39,6.63,-7.2455354,-19.1574509
200208,Up,0.64,2.5583982,4.1876449,5.4,1.852552,23.46,6.53,-7.9004275,-24.7360113
200209,Down,-10.21,2.5583982,4.1876449,5.4,3.3127048,23.59,6.37,0.4881433,-19.1878789
200210,Up,7.98,2.5583982,4.1876449,5.4,14.6445131,22.37,6.15,-11.0024318,-21.6784757
200211,Up,6.08,2.5583982,4.1876449,5.4,29.896443,21.96,6.32,8.6448801,-16.4203905
200212,Down,-5.65,2.4544953,3.6988887,5.5,33.553635,23.35,6.31,5.7069621,-17.8278961
200301,Down,-2.47,2.4544953,3.6988887,5.5,52.1986549,23.1,6.21,-6.0332573,-23.365964
200302,Down,-1.79,2.4544953,3.6988887,5.5,67.4631418,22.9,6.17,-2.7414693,-24.2877323
200303,Up,1.19,2.4544953,3.6988887,5.5,72.9508197,21.21,5.95,-1.7003609,-23.9968159
200304,Up,8.32,2.4544953,3.6988887,5.5,37.3873874,21.31,5.89,0.8357569,-26.0774469
200305,Up,6.14,2.4544953,3.6988887,5.5,7.5371146,22.43,5.74,8.1044107,-14.8571904
200306,Up,1.52,2.0402612,4.5807882,5.7,4.1450777,23.59,5.22,5.089871,-9.7035053
200307,Up,2.42,2.0402612,4.5807882,5.7,20.3761755,24.83,4.97,1.1322215,-1.5477569
200308,Up,2.41,2.0402612,4.5807882,5.7,14.1796585,24.87,5.49,1.6223702,8.6318865
200309,Down,-1.16,2.0402612,4.5807882,5.7,11.3107822,24.64,5.88,1.7873203,10.0363512
200310,Up,6.15,2.0402612,4.5807882,5.7,-4.6511628,25.24,5.72,-1.1944365,22.16293
200311,Up,1.42,2.0402612,4.5807882,5.7,5.1299827,25.68,5.7,5.4961486,18.6224202
200312,Up,4.37,2.3783784,5.0488756,5.5,18.3479254,25.95,5.65,0.7128504,13.0181193
200401,Up,2.22,2.3783784,5.0488756,5.5,9.2794018,26.64,5.62,5.0765541,26.3804
200402,Up,1.46,2.3783784,5.0488756,5.5,4.0376442,27.66,5.54,1.7276387,32.1876813
200403,Down,-1.23,2.3783784,5.0488756,5.5,-3.1502648,27.65,5.5,1.2208973,36.1160207
200404,Down,-1.75,2.3783784,5.0488756,5.5,9.5678092,26.89,5.33,-1.6358919,32.7795952
200405,Up,1.23,2.3783784,5.0488756,5.5,29.8761062,26.9,5.73,-1.6790752,20.7629967
200406,Up,1.94,2.4468085,5.0488675,5.2,43.1414357,25.9,6.04,1.208345,16.3025792
200407,Down,-3.96,2.4468085,5.0488675,5.2,23.7630208,26.4,6.01,1.7988999,17.0692628
200408,Up,0.19,2.4468085,5.0488675,5.2,32.2821847,25.7,5.82,-3.4290519,11.2500099
200409,Up,1.71,2.4468085,5.0488675,5.2,42.2602089,25.17,5.65,0.228735,9.5465302
200410,Up,1.54,2.4468085,5.0488675,5.2,62.4248851,25.67,5.46,0.9363876,11.9089921
200411,Up,4.69,2.4468085,5.0488675,5.2,75.1730959,25.41,5.47,1.4014244,7.5653599
200412,Up,3.59,2.2367732,4.9907441,5.2,55.8700547,26.47,5.52,3.8594936,10.926101
200501,Down,-2.6,2.2367732,4.9907441,5.2,34.7744946,27.14,5.47,3.2458213,8.9934524
200502,Up,2.05,2.2367732,4.9907441,5.2,36.6793114,26.59,5.36,-2.5290467,4.4327367
200503,Down,-1.76,2.2367732,4.9907441,5.2,38.0829016,26.74,5.2,1.8903346,5.1234159
200504,Down,-2.4,2.2367732,4.9907441,5.2,47.742111,26.34,5.4,-1.9117656,4.828585
200505,Up,3.89,2.2367732,4.9907441,5.2,44.5625511,25.41,5.33,-2.0108582,4.4748419
200506,Up,0.8,2.523172,4.678844,5.1,23.7090367,25.65,5.15,2.9952046,6.3193724
200507,Up,4.16,2.523172,4.678844,5.1,47.9747501,26.07,4.96,-0.0142714,4.4256856
200508,Down,-0.92,2.523172,4.678844,5.1,44.2614893,26.29,5.06,3.5968287,12.0230264
200509,Up,0.78,2.523172,4.678844,5.1,44.5705385,26.1,5.09,-1.1222105,10.5131101
200510,Down,-1.75,2.523172,4.678844,5.1,42.6985854,25.73,5.13,0.6949025,10.2487132
200511,Up,3.92,2.523172,4.678844,5.1,17.3913043,24.88,5.35,-1.774078,6.7961478
200512,Up,0.07,2.1518351,5.0896976,4.9,20.3054065,25.93,5.42,3.5186096,6.4456252
200601,Up,3.39,2.1518351,5.0896976,4.9,37.1567044,26.44,5.37,-0.0952349,3.0010226
200602,Up,0.04,2.1518351,5.0896976,4.9,39.8590948,26.47,5.29,2.5466771,8.3647205
200603,Up,1.83,2.1518351,5.0896976,4.9,28.4761309,26.25,5.35,0.0453158,6.4024642
200604,Up,1.09,2.1518351,5.0896976,4.9,15.8166084,26.33,5.53,1.109581,9.6799085
200605,Down,-3.14,2.1518351,5.0896976,4.9,31.3914027,26.15,5.84,1.2155653,13.2912661
200606,Up,0.05,2.7661692,4.0213033,4.9,42.3640377,25.65,5.95,-3.0916916,6.5958847
200607,Down,-0.38,2.7661692,4.0213033,4.9,26.1286882,24.75,5.89,8.66E-03,6.6203317
200608,Up,2.45,2.7661692,4.0213033,4.9,26.7632027,24.7,5.85,0.5085879,3.4419597
200609,Up,2.25,2.7661692,4.0213033,4.9,12.4365092,25.05,5.68,2.1274193,6.8415915
200610,Up,3.64,2.7661692,4.0213033,4.9,-2.5926491,25.64,5.51,2.4566299,8.7108594
200611,Up,2.13,2.7661692,4.0213033,4.9,-5.5956389,26.54,5.51,3.1508003,14.1614344
200612,Up,1.27,3.1631135,3.3117931,4.9,1.8353345,26.93,5.33,1.6466657,12.0970346
200701,Up,1.84,3.1631135,3.3117931,4.9,4.3748948,27.28,5.32,1.2615783,13.6194318
200702,Down,-1.58,3.1631135,3.3117931,4.9,-16.6997405,27.21,5.4,1.4059043,12.3554809
200703,Up,1.11,3.1631135,3.3117931,4.9,-3.8455298,27.32,5.39,-2.1846176,9.8511634
200704,Up,3.93,3.1631135,3.3117931,4.9,-3.7201908,26.23,5.3,0.9979983,9.7299335
200705,Up,3.65,3.1631135,3.3117931,4.9,-8.2077773,26.98,5.47,4.3290691,13.1053488
200706,Down,-1.56,2.7912621,3.5574901,4.8,-10.5441218,27.55,5.47,3.2549229,20.5127224
200707,Down,-3.33,2.7912621,3.5574901,4.8,-4.9041714,27.42,5.79,-1.7816322,18.3553798
200708,Up,1.34,2.7912621,3.5574901,4.8,-0.3090982,27.41,5.73,-3.1981878,13.990411
200709,Up,3.54,2.7912621,3.5574901,4.8,-0.9034908,26.15,5.79,1.2863572,13.0516521
200710,Up,2.12,2.7912621,3.5574901,4.8,25.1448254,26.73,5.74,3.5794008,14.2905287
200711,Down,-4.49,2.7912621,3.5574901,4.8,46.3994565,27.32,5.66,1.4822338,12.4417661
200712,Down,-0.6,3.2312111,2.449029,4.93,59.3734209,25.73,5.44,-4.4043417,5.7481283
200801,Down,-6.15,3.2312111,2.449029,4.93,47.880058,25.96,5.49,-0.8628509,3.529573
200802,Down,-2.96,3.2312111,2.449029,4.93,70.3316841,24.02,5.33,-6.1163432,-4.1502073
200803,Down,-0.76,3.2312111,2.449029,4.93,60.9011137,23.5,5.53,-3.4761193,-5.4157564
200804,Up,4.78,3.2312111,2.449029,4.93,74.3064729,22.61,5.51,-0.5959624,-6.9084945
200805,Up,2.04,3.2312111,2.449029,4.93,75.9731124,23.36,5.55,4.7546698,-6.5287364
200806,Down,-8.27,3.27562,1.7796488,5.5,97.5890325,23.7,5.57,1.0674182,-8.5089696
200807,Down,-0.62,3.27562,1.7796488,5.5,98.4736218,22.42,5.68,-8.5962385,-14.8568184
200808,Up,1.66,3.27562,1.7796488,5.5,79.8867619,20.91,5.67,-0.9859371,-12.9110071
200809,Down,-9.09,3.27562,1.7796488,5.5,61.0857853,21.4,5.64,1.2190465,-12.9688828
200810,Down,-17.15,3.27562,1.7796488,5.5,29.9887401,20.36,5.65,-9.0791434,-23.6050444
200811,Down,-7.83,3.27562,1.7796488,5.5,-11.0788863,16.39,6.28,-16.9424524,-37.4749902
200812,Up,1.74,1.0982926,0.674155,7.8,-39.2940182,15.26,6.12,-7.4849043,-39.4898537
200901,Down,-8.12,1.0982926,0.674155,7.8,-55.2818053,15.38,5.05,0.7821577,-38.485793
200902,Down,-10.09,1.0982926,0.674155,7.8,-55.0941366,15.17,5.05,-8.5657343,-40.0906768
200903,Up,8.97,1.0982926,0.674155,7.8,-58.9302569,14.12,5.27,-10.9931198,-44.7562415
200904,Up,10.2,1.0982926,0.674155,7.8,-54.547177,13.32,5.5,8.5404462,-39.6786857
200905,Up,5.21,1.0982926,0.674155,7.8,-55.7697433,14.98,5.39,9.392508,-37.0080601
200906,Up,0.44,2.0216267,1.127249,9.8,-52.8192041,16,5.54,5.3081446,-34.3649572
200907,Up,7.73,2.0216267,1.127249,9.8,-47.9728216,16.38,5.61,0.0195827,-28.1781245
200908,Up,3.34,2.0216267,1.127249,9.8,-51.9709233,16.69,5.41,7.4141727,-22.084933
200909,Up,4.09,2.0216267,1.127249,9.8,-39.06183,18.09,5.26,3.3560189,-20.4399624
200910,Down,-2.59,2.0216267,1.127249,9.8,-33.147257,18.83,5.13,3.5723346,-9.3693225
200911,Up,5.56,2.0216267,1.127249,9.8,-1.0828441,19.36,5.15,-1.9762001,6.9615423
200912,Up,2.76,2.1256932,3.0601265,9.9,35.9331476,19.81,5.19,5.7364062,22.247391
201001,Down,-3.36,2.1256932,3.0601265,9.9,81.1311555,20.32,5.26,1.7770571,23.4541905
201002,Up,3.4,2.1256932,3.0601265,9.9,87.3981792,20.53,5.26,-3.6974246,30.0273634
201003,Up,6.32,2.1256932,3.0601265,9.9,95.1481103,19.92,5.35,2.8513689,50.2523432
201004,Up,2.01,2.1256932,3.0601265,9.9,69.3205502,21,5.27,5.8796426,46.5689976
201005,Down,-7.88,2.1256932,3.0601265,9.9,69.672625,21.8,5.29,1.475923,35.9620013
201006,Down,-5.55,1.8382353,3.7609538,9.1,24.8140636,20.48,4.96,-8.1975842,18.5249272
201007,Up,6.94,1.8382353,3.7609538,9.1,8.1371986,19.74,4.88,-5.3882442,12.1165593
201008,Down,-4.76,1.8382353,3.7609538,9.1,19.1605555,19.67,4.72,6.877785,11.5566896
201009,Up,9.55,1.8382353,3.7609538,9.1,8.1058261,19.77,4.49,-4.7449184,2.8129922
201010,Up,3.89,1.8382353,3.7609538,9.1,8.4221134,20.38,4.53,8.7551103,7.9577703
201011,Up,0.61,1.8382353,3.7609538,9.1,8.0189924,21.24,4.68,3.6855994,14.1933504
201012,Up,6.83,1.8090452,3.1637318,9.2,7.7612705,21.7,4.87,-0.229025,7.7507958
201101,Up,2,1.8090452,3.1637318,9.2,19.8384926,22.4,5.02,6.530004,12.7827138
201102,Up,3.5,1.8090452,3.1637318,9.2,14.3185886,22.98,5.04,2.2645574,19.7649623
201103,Up,0.46,1.8090452,3.1637318,9.2,17.2206229,23.49,5.22,3.1956564,20.1658669
201104,Up,2.9,1.8090452,3.1637318,9.2,26.7109798,22.9,5.13,-0.1047313,13.3740279
201105,Down,-1.27,1.8090452,3.1637318,9.2,30.2556818,23.14,5.16,2.849538,14.9087001
201106,Down,-1.75,2.228164,4.029766,8.29,37.2291441,23.06,4.96,-1.3500953,23.4796733
201107,Down,-2.36,2.228164,4.029766,8.29,27.7903119,22.1,4.99,-1.8257461,28.12916
201108,Down,-5.98,2.228164,4.029766,8.29,27.2620139,22.61,4.93,-2.1474426,17.3093734
201109,Down,-7.59,2.228164,4.029766,8.29,12.3795886,20.05,4.37,-5.6791107,16.1588886
201110,Up,11.35,2.228164,4.029766,8.29,13.6768025,19.7,4.09,-7.1761988,-0.8569845
201111,Down,-0.28,2.228164,4.029766,8.29,5.5067155,20.16,3.98,10.7723039,5.9192433
201112,Up,0.74,2.3108132,2.7185974,8.7,15.5336344,20.35,3.87,-0.5058715,5.6253364
201201,Up,5.05,2.3108132,2.7185974,8.7,10.7030548,20.52,3.93,0.8532764,-3.18E-03
201202,Up,4.42,2.3108132,2.7185974,8.7,12.1002013,21.21,3.85,4.3583062,2.0441358
201203,Up,3.11,2.3108132,2.7185974,8.7,14.1437821,21.8,3.85,4.0589464,2.8977927
201204,Down,-0.85,2.3108132,2.7185974,8.7,3.1571789,22.05,3.99,3.1332315,6.233078
201205,Down,-6.18,2.3108132,2.7185974,8.7,-6.0977826,21.78,3.96,-0.7497453,2.5153856
201206,Up,3.89,2.2995026,3.0206413,7.8,-6.5429784,20.94,3.8,-6.2650726,-2.5921793
201207,Up,0.79,2.2995026,3.0206413,7.8,-14.4147887,20.55,3.64,3.9554982,3.1439316
201208,Up,2.56,2.2995026,3.0206413,7.8,-9.5277292,21,3.4,1.2597574,6.7353759
201209,Up,2.74,2.2995026,3.0206413,7.8,9.0698483,21.41,3.48,1.976337,15.3984313
201210,Down,-1.75,2.2995026,3.0206413,7.8,10.6412802,21.78,3.49,2.4236154,27.332908
201211,Up,0.79,2.2995026,3.0206413,7.8,3.6569841,21.58,3.47,-1.978941,12.6753354
201212,Up,1.19,2.2092772,2.7312325,7.7,-10.8527929,20.9,3.5,0.2846717,13.5706116
201301,Up,5.57,2.2092772,2.7312325,7.7,-10.469717,21.24,3.65,0.706823,13.4056909
201302,Up,1.29,2.2092772,2.7312325,7.7,-5.5367119,21.9,3.8,5.0428097,14.1495376
201303,Up,4.03,2.2092772,2.7312325,7.7,-6.7775061,22.05,3.9,1.1060649,10.9103153
201304,Up,1.55,2.2092772,2.7312325,7.7,-12.3740465,22.42,3.93,3.5987724,11.4109618
201305,Up,2.8,2.2092772,2.7312325,7.7,-10.8971257,22.6,3.73,1.8085768,14.282744
201306,Down,-1.2,2.5832649,2.6322227,7.2,0.1055966,23.41,3.89,2.0762812,24.4526222
201307,Up,5.65,2.5832649,2.6322227,7.2,16.2480282,22.93,4.27,-1.4999302,17.9215356
201308,Down,-2.71,2.5832649,2.6322227,7.2,18.9696349,23.49,4.34,4.946208,22.2145728
201309,Up,3.77,2.5832649,2.6322227,7.2,13.1796941,23.36,4.54,-3.1298019,16.095069
201310,Up,4.18,2.5832649,2.6322227,7.2,12.2149493,23.44,4.64,2.9749523,16.7199982
201311,Up,3.12,2.5832649,2.6322227,7.2,12.2474043,23.83,4.53,4.4595753,24.3867548
201312,Up,2.81,2.241136,3.0941431,6.7,8.3083314,24.64,4.63,2.8049472,27.5127449
201401,Down,-3.32,2.241136,3.0941431,6.7,10.6288952,24.86,4.62,2.3562792,29.6012496
201402,Up,4.65,2.241136,3.0941431,6.7,-0.0739254,24.86,4.49,-3.5582906,18.9892587
201403,Up,0.43,2.241136,3.0941431,6.7,5.7700378,24.59,4.45,4.311703,22.7618959
201404,Down,-0.19,2.241136,3.0941431,6.7,8.3288555,24.96,4.38,0.6932166,19.3188866
201405,Up,2.06,2.241136,3.0941431,6.7,10.8613012,24.79,4.24,0.6200789,17.925976
201406,Up,2.61,2.3407407,3.838004,5.9,7.7848101,24.94,4.16,2.103028,17.9568759
201407,Down,-2.04,2.3407407,3.838004,5.9,10.4279749,25.56,4.25,1.9058332,22.0353827
201408,Up,4.24,2.3407407,3.838004,5.9,-0.9750502,25.82,4.16,-1.5079831,14.5302075
201409,Down,-1.97,2.3407407,3.838004,5.9,-9.4116543,25.62,4.08,3.7655295,22.6825986
201410,Up,2.52,2.3407407,3.838004,5.9,-12.3059554,25.92,4.11,-1.5513837,17.2899992
201411,Up,2.55,2.3407407,3.838004,5.9,-16.0533121,25.16,3.92,2.3201461,14.887791
201412,Down,-0.06,2.0282781,3.7455851,5.4,-19.2520776,26.61,3.92,2.4533589,14.4948799
201501,Down,-3.11,2.0282781,3.7455851,5.4,-39.270716,26.79,3.79,-0.4188588,11.3906338
201502,Up,6.13,2.0282781,3.7455851,5.4,-50.0951173,26.49,3.46,-3.1040806,11.9152485
201503,Down,-1.12,2.0282781,3.7455851,5.4,-49.8313827,27,3.61,5.4892511,13.1786311
201504,Up,0.59,2.0282781,3.7455851,5.4,-52.5595238,26.73,3.64,-1.7396107,10.4441464
201505,Up,1.36,2.0282781,3.7455851,5.4,-46.6542569,26.79,3.52,0.852082,10.6988011
201506,Down,-1.53,2.4451225,3.2412129,5,-41.9945195,26.81,3.98,1.0491382,9.5561873
201507,Up,1.54,2.4451225,3.2412129,5,-43.4540127,26.5,4.19,-2.1011672,5.2483702
201508,Down,-6.04,2.4451225,3.2412129,5,-50.863983,26.38,4.15,1.974203,8.9694272
201509,Down,-3.08,2.4451225,3.2412129,5,-55.5935364,25.69,4.04,-6.2580818,-1.5568737
201510,Up,7.75,2.4451225,3.2412129,5,-51.206952,24.5,4.07,-2.6442832,-2.6497122
201511,Up,0.56,2.4451225,3.2412129,5,-45.2369668,25.49,3.95,8.2983118,3.0380841
201512,Down,-2.16,2.310536,3.2849793,4.6,-44.0031666,26.23,4.06,0.0504869,0.6214984
201601,Down,-5.76,2.310536,3.2849793,4.6,-37.2744139,25.97,3.97,-1.7530185,-0.7265997
201602,Down,-0.05,2.310536,3.2849793,4.6,-32.909784,24.21,4,-5.0735322,-2.7443747
201603,Up,6.98,2.310536,3.2849793,4.6,-40.0553578,24,3.96,-0.412836,-8.1857933
201604,Up,0.93,2.310536,3.2849793,4.6,-21.4763697,25.37,3.82,6.5991115,-0.3941169
201605,Up,1.79,2.310536,3.2849793,4.6,-25.1606979,25.92,3.62,0.2699398,-0.9690656
201606,Down,-0.03,2.3902214,2.9413447,4.69,-21.1911591,25.69,3.65,1.5324602,-0.4953968
201607,Up,3.97,2.3902214,2.9413447,4.69,-18.4887997,25.84,3.5,0.0910921,1.7328207
201608,Up,0.52,2.3902214,2.9413447,4.69,-12.2789784,26.69,3.28,3.5609801,3.3158418
201609,Up,0.27,2.3902214,2.9413447,4.69,4.3153721,26.95,3.32,-0.1219243,10.0786891
201610,Down,-2,2.3902214,2.9413447,4.69,-0.6596306,26.73,3.41,-0.1234451,12.928964
201611,Up,4.87,2.3902214,2.9413447,4.69,7.7022934,26.53,3.51,-1.9425679,2.2502016
201612,Up,1.85,2.6626974,2.7206023,4.6,7.5871819,26.85,3.86,3.4174522,5.6911932
201701,Up,1.98,2.6626974,2.7206023,4.6,39.7418661,27.87,4.06,1.8200762,9.5350227
201702,Up,3.61,2.6626974,2.7206023,4.6,65.719697,28.06,3.92,1.7884358,17.4530021
201703,Up,0.2,2.6626974,2.7206023,4.6,76.3522427,28.66,3.95,3.719816,22.3270479
201704,Up,1.14,2.6626974,2.7206023,4.6,31.3715047,29.09,4.01,-0.0389197,14.7096227
201705,Up,1.12,2.6626974,2.7206023,4.6,25.3006135,28.9,3.87,0.9091209,15.4408509
201706,Up,0.84,2.6417104,3.2960083,4.2,3.7893385,29.31,3.85,1.1576251,15.0146692
201707,Up,1.94,2.6417104,3.2960083,4.2,-7.3420837,29.75,3.68,0.4813775,15.4631461
201708,Up,0.25,2.6417104,3.2960083,4.2,4.4344905,30,3.7,1.9348826,13.6501628
201709,Up,2.6,2.6417104,3.2960083,4.2,7.4239714,29.91,3.63,0.0546433,13.8510771
201710,Up,2.34,2.6417104,3.2960083,4.2,10.270031,30.17,3.63,1.9302979,16.1921755
201711,Up,3.2,2.6417104,3.2960083,4.2,3.61591,30.92,3.6,2.2188135,21.1231629
201712,Up,1.15,2.595296,3.4152192,3.9,24.0473062,31.3,3.57,0.3720043,17.5563154
201801,Up,5.69,2.595296,3.4152192,3.9,11.3719454,32.09,3.51,3.4342557,19.4199655
201802,Down,-3.54,2.595296,3.4152192,3.9,21.3333333,33.31,3.55,5.6178704,23.9127249
201803,Down,-2.23,2.595296,3.4152192,3.9,16.3830185,32.04,3.82,-3.8947372,14.8157165
201804,Up,0.43,2.595296,3.4152192,3.9,27.1639976,31.81,3.87,-2.6884499,11.772455
201805,Up,2.79,2.595296,3.4152192,3.9,29.7493145,30.97,3.85,0.2718775,11.0666095
201806,Up,0.62,2.5798968,3.8498087,3.6,44.3481848,31.24,4,2.1608342,12.1680888
201807,Up,3.35,2.5798968,3.8498087,3.6,50.2213369,31.63,3.96,0.4842436,12.1712882
201808,Up,3.6,2.5798968,3.8498087,3.6,52.2196011,31.89,3.87,3.6021556,14.0059905
201809,Up,0.21,2.5798968,3.8498087,3.6,41.6736053,32.5,3.88,3.0263211,17.392031
